{"test_acc": 0.8961000442504883, "val_scores": [0.834600031375885, 0.8623000383377075, 0.876300036907196, 0.8783000707626343, 0.8842000365257263, 0.8835000395774841, 0.8812000155448914, 0.888200044631958, 0.8896000385284424, 0.8943000435829163, 0.886400043964386, 0.8952000141143799, 0.8961000442504883, 0.8933000564575195, 0.8939000368118286, 0.8920000195503235, 0.8898000717163086, 0.8883000612258911, 0.8995000720024109, 0.8885000348091125, 0.8969000577926636, 0.8947000503540039, 0.8812000155448914, 0.8766000270843506, 0.8822000622749329, 0.893000066280365, 0.8962000608444214, 0.8836000561714172, 0.8978000283241272, 0.8883000612258911, 0.8969000577926636, 0.8950000405311584, 0.8986000418663025, 0.8878000378608704, 0.9008000493049622, 0.8906000256538391, 0.8909000158309937, 0.8938000202178955, 0.8990000486373901, 0.8969000577926636], "train_scores": [0.7820312976837158, 0.8551482558250427, 0.8718550205230713, 0.8839543461799622, 0.8917267918586731, 0.9005609154701233, 0.9075521230697632, 0.9116386771202087, 0.9169871807098389, 0.9205328822135925, 0.9267227649688721, 0.9290264844894409, 0.9358574151992798, 0.9363782405853271, 0.9418269395828247, 0.9424479603767395, 0.9480569362640381, 0.9518830180168152, 0.9508814215660095, 0.9556090235710144, 0.958794116973877, 0.9607973098754883, 0.9649239182472229, 0.9673077464103699, 0.9692107439041138, 0.9680489301681519, 0.9708133339881897, 0.9727364182472229, 0.9754807949066162, 0.9756210446357727, 0.9792267680168152, 0.9708333611488342, 0.9777444005012512, 0.9828325510025024, 0.9722155928611755, 0.9829728007316589, 0.9832131862640381, 0.9871795177459717, 0.9872195720672607, 0.9874399304389954]}