{"test_acc": 0.8906000256538391, "val_scores": [0.859000027179718, 0.8646000623703003, 0.8760000467300415, 0.8726000189781189, 0.8853000402450562, 0.8820000290870667, 0.8856000304222107, 0.8885000348091125, 0.891700029373169, 0.8907000422477722, 0.8859000205993652, 0.8954000473022461, 0.8937000632286072, 0.8947000503540039, 0.893000066280365, 0.8959000706672668, 0.8957000374794006, 0.8990000486373901, 0.8950000405311584, 0.8990000486373901, 0.889400064945221, 0.896600067615509, 0.8898000717163086, 0.893500030040741, 0.9004000425338745, 0.8921000361442566, 0.8876000642776489, 0.8969000577926636, 0.8975000381469727, 0.8962000608444214, 0.8952000141143799, 0.8907000422477722, 0.8981000185012817, 0.8913000226020813, 0.8934000134468079, 0.8972000479698181, 0.8890000581741333, 0.8949000239372253, 0.8974000215530396, 0.8951000571250916], "train_scores": [0.8186899423599243, 0.871213972568512, 0.8841747045516968, 0.8940104246139526, 0.8993990421295166, 0.9042868614196777, 0.9133414030075073, 0.9170673489570618, 0.9193910360336304, 0.9252203702926636, 0.9298878312110901, 0.9345552921295166, 0.9344351291656494, 0.9373397827148438, 0.9412660598754883, 0.9466747045516968, 0.9464543461799622, 0.9487179517745972, 0.9544271230697632, 0.9527043700218201, 0.9561899304389954, 0.958092987537384, 0.9611578583717346, 0.9618589878082275, 0.9635216593742371, 0.9650440812110901, 0.9653245210647583, 0.9680489301681519, 0.969811737537384, 0.9685897827148438, 0.9722556471824646, 0.9721755385398865, 0.9710537195205688, 0.9724159240722656, 0.973717987537384, 0.9775641560554504, 0.9763020873069763, 0.9780449271202087, 0.9762820601463318, 0.9795873761177063]}