{"test_acc": 0.893000066280365, "val_scores": [0.8492000699043274, 0.8671000599861145, 0.8766000270843506, 0.8762000203132629, 0.8817000389099121, 0.8787000179290771, 0.8860000371932983, 0.8874000310897827, 0.8904000520706177, 0.8838000297546387, 0.8946000337600708, 0.8885000348091125, 0.8925000429153442, 0.8884000182151794, 0.8881000280380249, 0.8909000158309937, 0.8932000398635864, 0.8952000141143799, 0.885200023651123, 0.8883000612258911, 0.8927000164985657, 0.8874000310897827, 0.8899000287055969, 0.8902000188827515, 0.8897000551223755, 0.8910000324249268, 0.8885000348091125, 0.8909000158309937, 0.8884000182151794, 0.8938000202178955, 0.8938000202178955, 0.8901000618934631, 0.8975000381469727, 0.891200065612793, 0.8954000473022461, 0.8949000239372253, 0.8949000239372253, 0.8891000151634216, 0.8973000645637512, 0.8902000188827515], "train_scores": [0.8021634817123413, 0.8673878312110901, 0.884455144405365, 0.8940104246139526, 0.9010216593742371, 0.9061899185180664, 0.9145232439041138, 0.9213341474533081, 0.923677921295166, 0.9304487705230713, 0.9355970025062561, 0.9398037195205688, 0.9414864182472229, 0.9481971263885498, 0.9496594667434692, 0.9515625238418579, 0.955829381942749, 0.9578726291656494, 0.9625200629234314, 0.9643429517745972, 0.9636217951774597, 0.9697316288948059, 0.9701122045516968, 0.9706530570983887, 0.9718149304389954, 0.9757011532783508, 0.9750000238418579, 0.9757412075996399, 0.9793870449066162, 0.9794070720672607, 0.9808493852615356, 0.9816907644271851, 0.9834535717964172, 0.9832131862640381, 0.9829127192497253, 0.9852564334869385, 0.9883614182472229, 0.9877604246139526, 0.9855368733406067, 0.9883413910865784]}