{
    "2": [
        0.42893924191750277,
        0.03816936842605295
    ],
    "4": [
        0.5227203579418345,
        0.027172706847629433
    ],
    "8": [
        0.5923220720720721,
        0.01499984610627453
    ],
    "16": [
        0.6394205849685302,
        0.012411472598351925
    ],
    "32": [
        0.6757042253521127,
        0.009044325825196105
    ]
}