{
    "val": 1.0901368106842042,
    "test": 1.0888595993041992,
    "time": 0.006317813874809605,
    "samp_time": 0.006647446155548096
}