{
    "val": 1.0432088655471803,
    "test": 1.0413457333564757,
    "time": 0.010934149383739301,
    "samp_time": 0.00917593240737915
}