{
    "val": 1.0563175142288208,
    "test": 1.0546873015403748,
    "time": 0.008924006087005517,
    "samp_time": 0.006616146564483643
}