{
    "val": 1.0225429149627685,
    "test": 1.0206847284317018,
    "time": 0.007085515435334224,
    "samp_time": 0.005321154594421387
}