{
    "val": 1.0801033401489257,
    "test": 1.0783559761047363,
    "time": 0.008495553094110672,
    "samp_time": 0.009047017097473145
}