{
    "val": 1.0327696422576904,
    "test": 1.0309594752311706,
    "time": 0.005998432066789858,
    "samp_time": 0.003896825313568115
}